A07241-1_creditor, 1_creditor
A07241-2_creditor, 2_creditor
A07241-alworth, Alworth
A07241-amble, Amble
A07241-apwell, Tapwell
A07241-chambermaid, chambermaid
A07241-froth, Froth
A07241-furnace, Furnace
A07241-greedy, Greedy
A07241-lady, Lady
A07241-lovell, Lovell
A07241-marall, Marall
A07241-margaret, Margaret
A07241-missing, ####
A07241-multiple, ####
A07241-order, Order
A07241-overreach, Overreach
A07241-tapwell, Tapwell
A07241-unassigned, Overreach
A07241-watchall, Watchall
A07241-wellborn, Wellborn
A07241-will-do, Willdo
A07241-woman, woman
A07241-xxxx_3, 3_creditor
act, ####
dedication, ####
dramatis_personae, ####
encomium, ####
epilogue, ####
machine-generated_castlist, ####
scene, ####
textual_notes, ####
title_page, ####
