A03195-1_gallant, 1_gallant
A03195-1_servant, 1_servant
A03195-1_wench, 1_wench
A03195-2_gallant, 2_gallant
A03195-bess, Bess
A03195-blanda, Blanda
A03195-clown, clown
A03195-dalavill, Dalavill
A03195-drawer, drawer
A03195-gentleman, gentleman
A03195-man, man
A03195-old_geraldine, old_Geraldine
A03195-old_lionel, old_Lionel
A03195-omnes, ####
A03195-owner, owner
A03195-prudentilla, Prudentilla
A03195-reginald, Reignald
A03195-reignald, Reignald
A03195-ricot, Ricott
A03195-rioter, rioter
A03195-robin, Robin
A03195-scapha, Scapha
A03195-servant, servant
A03195-unassigned, usurer
A03195-wife, wife
A03195-wincott, Wincott
A03195-young_geraldine, young_Geraldine
A03195-young_lionel, young_Lionel
act, ####
dedication, ####
dramatis_personae, ####
machine-generated_castlist, ####
play, ####
prologue, ####
scene, ####
textual_notes, ####
title_page, ####
to_the_reader, ####
