A04633_03-multiple, ####
A04633_03-clerk, clerk
prologue_for_stage, ####
A04633_03-tatle, Tatle
A04633_03-censure, Censure
A04633_03-expectation, Expectation
A04633_03-pig-woman, Picklock
A04633_03-madrigal, Madrigal
A04633_03-haberdasher, haberdasher
A04633_03-peni_boy_ca, Pennyboy_Canter
A04633_03-wax, Wax
textual_notes, ####
introduction, ####
A04633_03-shunfield, Shunfield
A04633_03-banbury, Band
A04633_03-prologue, prologue
A04633_03-cus_4, 4_customer
A04633_03-cymbal, Cymbal
A04633_03-lick-finger, Lickfinger
A04633_03-missing, Pennyboy_senior
A04633_03-almanach, Almanach
A04633_03-broker, Broker
A04633_03-mirth, Mirth
A04633_03-all, ####
A04633_03-dop, dopper
A04633_03-porter, porter
A04633_03-fashioner, fashioner
dramatis_personae, ####
A04633_03-fitton, Fitton
A04633_03-statute, Statute
title_page, ####
interlude, ####
A04633_03-thomas, Thomas
machine-generated_castlist, ####
A04633_03-pen-boy_jr, Pennyboy_junior
song, ####
A04633_03-alice, Almanach
to_the_reader, ####
A04633_03-cus
A04633_03-unassigned, ####
act, ####
A04633_03-peni-boy_jr, Pennyboy_junior
scene, ####
A04633_03-c_2, 2_customer
A04633_03-spurrier, spurrier
A04633_03-bookholder, bookholder
A04633_03-picklock, Picklock
A04633_03-pyed-mantle, Pyedmantle
prologue_for_court, ####
A04633_03-trash, ####
A04633_03-cus_5, 5_customer
A04633_03-pecunia, Pecunia
A04633_03-shoemaker, Leatherleg
epilogue, ####
A04633_03-leatherleg, Leatherleg
A04633_03-stagekeeper, Statute
A04633_03-register, register
A04633_03-peni-boy_sr, Pennyboy_senior
A04633_03-mortgage, Mortgage
A04633_03-linener, linener
A04633_03-countrywoman, countrywoman
A04633_03-band, Band
